{"frames": {

"xb_a.png":
{
	"frame": {"x":4,"y":4,"w":80,"h":80},
	"rotated": false,
	"trimmed": false,
	"spriteSourceSize": {"x":0,"y":0,"w":80,"h":80},
	"sourceSize": {"w":80,"h":80}
},
"xb_b.png":
{
	"frame": {"x":88,"y":4,"w":80,"h":80},
	"rotated": false,
	"trimmed": false,
	"spriteSourceSize": {"x":0,"y":0,"w":80,"h":80},
	"sourceSize": {"w":80,"h":80}
},
"xb_back.png":
{
	"frame": {"x":172,"y":4,"w":85,"h":80},
	"rotated": false,
	"trimmed": false,
	"spriteSourceSize": {"x":0,"y":0,"w":85,"h":80},
	"sourceSize": {"w":85,"h":80}
},
"xb_dpad_down.png":
{
	"frame": {"x":261,"y":4,"w":80,"h":80},
	"rotated": false,
	"trimmed": false,
	"spriteSourceSize": {"x":0,"y":0,"w":80,"h":80},
	"sourceSize": {"w":80,"h":80}
},
"xb_dpad_left.png":
{
	"frame": {"x":345,"y":4,"w":80,"h":80},
	"rotated": false,
	"trimmed": false,
	"spriteSourceSize": {"x":0,"y":0,"w":80,"h":80},
	"sourceSize": {"w":80,"h":80}
},
"xb_dpad_right.png":
{
	"frame": {"x":4,"y":88,"w":80,"h":80},
	"rotated": false,
	"trimmed": false,
	"spriteSourceSize": {"x":0,"y":0,"w":80,"h":80},
	"sourceSize": {"w":80,"h":80}
},
"xb_dpad_up.png":
{
	"frame": {"x":88,"y":88,"w":80,"h":80},
	"rotated": false,
	"trimmed": false,
	"spriteSourceSize": {"x":0,"y":0,"w":80,"h":80},
	"sourceSize": {"w":80,"h":80}
},
"xb_lb.png":
{
	"frame": {"x":172,"y":88,"w":118,"h":50},
	"rotated": false,
	"trimmed": false,
	"spriteSourceSize": {"x":0,"y":0,"w":118,"h":50},
	"sourceSize": {"w":118,"h":50}
},
"xb_left_stick.png":
{
	"frame": {"x":294,"y":88,"w":92,"h":80},
	"rotated": false,
	"trimmed": false,
	"spriteSourceSize": {"x":0,"y":0,"w":92,"h":80},
	"sourceSize": {"w":92,"h":80}
},
"xb_ls_button.png":
{
	"frame": {"x":390,"y":88,"w":92,"h":70},
	"rotated": false,
	"trimmed": false,
	"spriteSourceSize": {"x":0,"y":0,"w":92,"h":70},
	"sourceSize": {"w":92,"h":70}
},
"xb_lt.png":
{
	"frame": {"x":4,"y":172,"w":89,"h":80},
	"rotated": false,
	"trimmed": false,
	"spriteSourceSize": {"x":0,"y":0,"w":89,"h":80},
	"sourceSize": {"w":89,"h":80}
},
"xb_lt_2.png":
{
	"frame": {"x":97,"y":172,"w":54,"h":80},
	"rotated": false,
	"trimmed": false,
	"spriteSourceSize": {"x":0,"y":0,"w":54,"h":80},
	"sourceSize": {"w":54,"h":80}
},
"xb_rb.png":
{
	"frame": {"x":155,"y":172,"w":118,"h":50},
	"rotated": false,
	"trimmed": false,
	"spriteSourceSize": {"x":0,"y":0,"w":118,"h":50},
	"sourceSize": {"w":118,"h":50}
},
"xb_right_stick.png":
{
	"frame": {"x":277,"y":172,"w":92,"h":80},
	"rotated": false,
	"trimmed": false,
	"spriteSourceSize": {"x":0,"y":0,"w":92,"h":80},
	"sourceSize": {"w":92,"h":80}
},
"xb_rs_button.png":
{
	"frame": {"x":373,"y":172,"w":92,"h":70},
	"rotated": false,
	"trimmed": false,
	"spriteSourceSize": {"x":0,"y":0,"w":92,"h":70},
	"sourceSize": {"w":92,"h":70}
},
"xb_rt.png":
{
	"frame": {"x":4,"y":256,"w":89,"h":80},
	"rotated": false,
	"trimmed": false,
	"spriteSourceSize": {"x":0,"y":0,"w":89,"h":80},
	"sourceSize": {"w":89,"h":80}
},
"xb_rt_2.png":
{
	"frame": {"x":97,"y":256,"w":54,"h":80},
	"rotated": false,
	"trimmed": false,
	"spriteSourceSize": {"x":0,"y":0,"w":54,"h":80},
	"sourceSize": {"w":54,"h":80}
},
"xb_start.png":
{
	"frame": {"x":155,"y":256,"w":87,"h":79},
	"rotated": false,
	"trimmed": false,
	"spriteSourceSize": {"x":0,"y":0,"w":87,"h":79},
	"sourceSize": {"w":87,"h":79}
},
"xb_x.png":
{
	"frame": {"x":246,"y":256,"w":80,"h":80},
	"rotated": false,
	"trimmed": false,
	"spriteSourceSize": {"x":0,"y":0,"w":80,"h":80},
	"sourceSize": {"w":80,"h":80}
},
"xb_y.png":
{
	"frame": {"x":330,"y":256,"w":80,"h":80},
	"rotated": false,
	"trimmed": false,
	"spriteSourceSize": {"x":0,"y":0,"w":80,"h":80},
	"sourceSize": {"w":80,"h":80}
}},
"meta": {
	"app": "http://www.codeandweb.com/texturepacker ",
	"version": "1.0",
	"image": "sheet.png",
	"format": "RGBA8888",
	"size": {"w":512,"h":512},
	"scale": "1",
	"smartupdate": "$TexturePacker:SmartUpdate:b3ebd90c417e83210bd89609955f6442:25603cd6a98fc6d00e4df220bea38378:9c44ecd7e9a522007eaff2949095bc1d$"
}
}
